"site","trap","longitude","latitude","date_setup","date_collect","Onthophagus taurus","Euoniticellus fulvus","Euoniticellus pallipes","Onitis aygulus","Onthophagus binodis","Onitis alexis","Euoniticellus intermedius","Bubas bison","Onthophagus ferox","Onthophagus vermiculatus","Copris hispanus"
"Duranillin","Trap 1",116.827276,-33.479275,2012-02-14,2012-02-15 13:48:13,4,5,48,0,0,0,0,0,0,0,0
"Narrikine","Trap 1",116.751078,-32.968845,2012-02-14,2012-02-15 14:49:43,13,6,18,0,0,0,0,0,0,0,0
"Jingalup","Trap 2",116.97241,-34.003891,2012-02-14,2012-02-15 11:45:19,44,2,6,0,0,0,0,0,0,0,0
"Jingalup","Trap 1",116.972397,-34.004007,2012-02-14,2012-02-15 11:46:50,36,1,7,0,0,0,0,0,0,0,0
"Kojonup","Trap 1",117.182348,-33.908095,2012-02-14,2012-02-15 12:14:44,182,9,7,1,0,0,0,0,0,0,0
"Duranillin","Trap 2",116.827388,-33.479177,2012-02-14,2012-02-15 13:49:13,27,2,47,0,0,0,0,0,0,0,0
"Narrikine","Trap 2",116.751078,-32.968848,2012-02-14,2012-02-15 14:50:19,11,5,44,0,0,0,0,0,0,0,0
"Kojonup","Trap 2",117.182336,-33.908102,2012-02-14,2012-02-15 12:14:04,107,4,27,0,0,0,0,0,0,0,0
"Narrikup","Trap 1",117.728324,-34.725057,2012-02-15,2012-02-16 13:00:00,2418,139,2,1,152,0,0,0,0,0,0
"Bullsbrook","Trap 1",116.008171,-31.711725,2012-03-01,2012-03-02 09:25:55,1,0,0,0,0,2,24,0,0,0,0
"Badgingarra","Trap 1",115.591779,-30.277467,2012-03-01,2012-03-02 11:55:15,3,0,0,0,0,7,40,0,0,0,0
"Bullsbrook","Trap 2",116.007969,-31.711522,2012-03-01,2012-03-02 09:28:57,0,0,0,0,0,0,23,0,0,0,0
"Badgingarra","Trap 2",115.591987,-30.277745,2012-03-01,2012-03-02 11:59:26,8,0,0,3,0,15,119,0,0,0,0
"Clackline","Trap 2",116.574014,-31.729294,2012-03-06,2012-03-07 13:55:31,24,0,0,0,0,1,50,0,0,0,0
"Clackline","Trap 1",116.574213,-31.729248,2012-03-06,2012-03-07 14:00:13,10,0,0,0,0,2,43,0,0,0,0
"Quairading","Trap 2",117.665843,-32.188177,2012-03-06,2012-03-07 11:18:11,0,0,0,0,0,9,64,0,0,0,0
"Quairading","Trap 1",117.666051,-32.188179,2012-03-06,2012-03-07 11:16:58,0,0,0,1,0,8,51,0,0,0,0
"Manjimup","Trap 1",116.087979,-34.322199,2012-02-21,2012-02-22 00:00:00,2443,164,0,1,39,0,0,0,0,0,0
"Manjimup","Trap 2",116.087985,-34.322194,2012-02-21,2012-02-22 00:00:00,2604,208,0,0,52,0,0,0,0,0,0
"Vasse","Trap 2",115.337179,-33.7504,2012-02-21,2012-02-22 00:00:00,97,2,14,0,0,0,0,0,0,0,0
"Narrikup","Trap 2",117.728324,-34.725057,2012-02-15,2012-02-16 00:00:00,3319,157,0,0,290,0,0,0,0,0,0
"Narrikine","Trap 1",116.751078,-32.968845,2012-03-20,2012-03-21 14:49:26,4,0,2,0,0,0,0,0,0,0,0
"Kojonup","Trap 2",117.182336,-33.908102,2012-03-20,2012-03-21 12:08:19,1,0,0,0,0,0,0,0,0,0,0
"Manjimup","Trap 2",116.087985,-34.322194,2012-03-19,2012-03-20 00:00:00,5,0,0,1,1,0,0,0,0,0,0
"Manjimup","Trap 1",116.087979,-34.322199,2012-03-19,2012-03-20 00:00:00,2,0,0,0,1,0,0,0,0,0,0
"Vasse","Trap 1",115.337179,-33.750399,2012-03-20,2012-03-21 00:00:00,42,3,34,0,3,1,0,0,0,0,0
"Vasse","Trap 2",115.337179,-33.7504,2012-03-20,2012-03-21 00:00:00,83,2,90,0,5,0,0,0,0,0,0
"Bullsbrook","Trap 1",116.008171,-31.711725,2012-03-27,2012-03-28 09:53:10,2,0,4,0,0,2,11,0,0,0,0
"Badgingarra","Trap 2",115.591987,-30.277745,2012-03-27,2012-03-28 12:29:43,4,0,3,0,0,11,12,0,0,0,0
"Badgingarra","Trap 1",115.591779,-30.277467,2012-03-27,2012-03-28 12:29:16,8,0,3,1,0,4,11,0,0,0,0
"Bullsbrook","Trap 2",116.007969,-31.711522,2012-03-27,2012-03-28 09:53:48,3,0,11,0,0,3,4,0,0,0,0
"Quairading","Trap 2",117.665843,-32.188177,2012-04-04,2012-04-05 10:38:25,1,0,13,1,0,2,10,0,0,0,0
"Clackline","Trap 1",116.574213,-31.729248,2012-04-04,2012-04-05 12:41:58,6,0,0,0,0,0,2,0,0,0,0
"Clackline","Trap 2",116.574014,-31.729294,2012-04-04,2012-04-05 12:42:48,1,0,0,0,0,1,1,0,0,0,0
"Quairading","Trap 1",117.666051,-32.188179,2012-04-04,2012-04-05 10:37:36,0,0,21,2,0,7,4,0,0,0,0
"Narrikup","Trap 2",117.728324,-34.725057,2012-04-16,2012-04-17 16:18:04,0,0,0,0,2,0,0,0,0,0,0
"Jingalup","Trap 2",116.97241,-34.003891,2012-04-17,2012-04-18 10:20:05,3,0,0,0,0,0,0,0,0,0,0
"Kojonup","Trap 1",117.182348,-33.908095,2012-04-17,2012-04-18 10:56:40,2,0,0,0,0,0,0,0,0,0,0
"Kojonup","Trap 2",117.182336,-33.908102,2012-04-17,2012-04-18 10:57:15,1,0,0,0,0,0,0,0,0,0,0
"Duranillin","Trap 1",116.827276,-33.479275,2012-04-17,2012-04-18 13:07:41,3,0,2,0,0,0,0,0,0,0,0
"Duranillin","Trap 2",116.827388,-33.479177,2012-04-17,2012-04-18 13:08:19,2,0,2,0,0,0,1,0,0,0,0
"Narrikine","Trap 2",116.751078,-32.968848,2012-04-17,2012-04-18 14:20:05,0,0,1,0,0,0,0,0,0,0,0
"Narrikine","Trap 1",116.751078,-32.968845,2012-04-17,2012-04-18 14:20:33,2,0,2,0,0,0,0,0,0,0,0
"Manjimup","Trap 2",116.087985,-34.322194,2012-04-16,2012-04-17 00:00:00,21,1,0,0,3,0,0,0,0,0,0
"Manjimup","Trap 1",116.087979,-34.322199,2012-04-16,2012-04-17 00:00:00,6,0,0,0,2,0,0,0,0,0,0
"Vasse","Trap 1",115.337179,-33.750399,2012-04-16,2012-04-17 00:00:00,5,0,13,0,1,0,0,0,0,0,0
"Vasse","Trap 2",115.337179,-33.7504,2012-04-16,2012-04-17 00:00:00,6,0,17,0,0,0,0,0,0,0,0
"Bullsbrook","Trap 1",116.008171,-31.711725,2012-04-23,2012-04-24 08:34:22,1,0,0,0,0,0,0,0,0,0,0
"Bullsbrook","Trap 2",116.007969,-31.711522,2012-04-23,2012-04-24 08:34:57,2,0,4,0,0,1,2,0,0,0,0
"Quairading","Trap 2",117.665843,-32.188177,2012-05-08,2012-05-09 11:43:16,0,0,0,0,0,1,5,8,0,0,0
"Clackline","Trap 2",116.574014,-31.729294,2012-05-08,2012-05-09 13:59:23,3,0,0,0,0,0,5,1,0,0,0
"Quairading","Trap 1",117.666051,-32.188179,2012-05-08,2012-05-09 11:42:49,0,0,0,0,0,1,5,8,0,0,0
"Narrikine","Trap 1",116.751078,-32.968845,2012-05-15,2012-05-16 15:08:18,0,0,0,0,0,0,0,10,0,0,0
"Narrikup","Trap 2",117.728324,-34.725057,2012-05-14,2012-05-15 16:17:16,0,0,0,0,0,0,0,1,0,0,0
"Jingalup","Trap 1",116.972397,-34.004007,2012-05-15,2012-05-16 11:53:47,0,0,0,0,0,0,0,1,0,0,0
"Kojonup","Trap 2",117.182336,-33.908102,2012-05-15,2012-05-16 12:20:59,0,0,0,0,0,0,0,12,0,0,0
"Duranillin","Trap 2",116.827388,-33.479177,2012-05-15,2012-05-16 00:00:00,1,0,0,0,0,0,0,10,0,0,0
"Narrikine","Trap 2",116.751078,-32.968848,2012-05-15,2012-05-16 15:10:09,1,0,0,0,0,0,0,3,0,0,0
"Jingalup","Trap 2",116.97241,-34.003891,2012-05-15,2012-05-16 11:52:23,0,0,0,0,0,0,0,3,0,0,0
"Duranillin","Trap 1",116.827276,-33.479275,2012-05-15,2012-05-16 13:33:29,0,0,0,0,0,0,0,4,0,0,0
"Kojonup","Trap 1",117.182348,-33.908095,2012-05-15,2012-05-16 12:20:29,1,0,0,0,0,0,0,22,0,0,0
"Clackline","Trap 1",116.574213,-31.729248,2012-05-08,2012-05-09 00:00:00,2,0,0,0,0,0,5,2,1,0,0
"Badgingarra","Trap 1",115.591779,-30.277467,2012-05-30,2012-05-31 13:52:40,0,0,0,0,0,1,0,7,0,0,0
"Bullsbrook","Trap 2",116.007969,-31.711522,2012-05-30,2012-05-31 09:18:14,0,0,1,0,0,2,0,2,0,0,0
"Badgingarra","Trap 2",115.591987,-30.277745,2012-05-30,2012-05-31 13:53:20,0,0,0,2,0,1,0,7,0,0,0
"Bullsbrook","Trap 1",116.008171,-31.711725,2012-05-30,2012-05-31 09:17:30,0,0,2,0,0,4,0,3,0,0,0
"Quairading","Trap 2",117.665843,-32.188177,2012-06-06,2012-06-07 09:59:39,0,0,0,0,0,0,0,4,0,0,0
"Clackline","Trap 1",116.574213,-31.729248,2012-06-06,2012-06-07 16:44:12,0,0,0,0,0,0,0,26,0,0,0
"Quairading","Trap 1",117.666051,-32.188179,2012-06-06,2012-06-07 10:00:10,0,0,0,0,0,0,0,2,0,0,0
"Clackline","Trap 2",116.574014,-31.729294,2012-06-06,2012-06-07 16:44:44,0,0,0,0,0,0,0,22,0,0,0
"Vasse","Trap 1",115.337179,-33.750399,2012-05-23,2012-05-24 00:00:00,0,0,1,0,0,0,0,14,0,0,0
"Vasse","Trap 2",115.337179,-33.7504,2012-05-23,2012-05-24 00:00:00,0,0,2,0,1,0,0,16,0,0,0
"Manjimup","Trap 1",116.087979,-34.322199,2012-05-14,2012-05-15 00:00:00,0,0,0,0,0,0,0,3,0,0,0
"Manjimup","Trap 2",116.087985,-34.322194,2012-05-14,2012-05-15 00:00:00,0,0,0,0,0,0,0,3,0,0,0
"Duranillin","Trap 1",116.827276,-33.479275,2012-06-12,2012-06-13 13:35:35,0,0,0,0,0,0,0,63,0,0,0
"Narrikine","Trap 2",116.751078,-32.968848,2012-06-12,2012-06-13 15:38:22,0,0,0,0,0,0,0,34,0,0,0
"Kojonup","Trap 1",117.182348,-33.908095,2012-06-12,2012-06-13 12:14:56,0,0,0,0,0,0,0,87,0,0,0
"Narrikine","Trap 1",116.751078,-32.968845,2012-06-12,2012-06-13 15:36:53,0,0,0,0,0,0,0,23,0,0,0
"Jingalup","Trap 2",116.97241,-34.003891,2012-06-12,2012-06-13 11:44:30,0,0,0,0,0,0,0,5,0,0,0
"Kojonup","Trap 2",117.182336,-33.908102,2012-06-12,2012-06-13 12:15:24,0,0,0,0,0,0,0,106,0,0,0
"Duranillin","Trap 2",116.827388,-33.479177,2012-06-12,2012-06-13 13:36:00,0,0,0,0,0,0,0,34,0,0,0
"Narrikup","Trap 1",117.728324,-34.725057,2012-06-12,2012-06-13 10:05:42,0,0,0,0,0,0,0,1,0,0,0
"Jingalup","Trap 1",116.972397,-34.004007,2012-06-12,2012-06-13 11:43:47,0,0,0,0,0,0,0,1,0,0,0
"Manjimup","Trap 1",116.087979,-34.322199,2012-06-17,2012-06-18 00:00:00,0,0,0,0,1,0,0,5,0,0,0
"Manjimup","Trap 2",116.087985,-34.322194,2012-06-17,2012-06-18 00:00:00,0,0,0,0,0,0,0,2,0,0,0
"Bullsbrook","Trap 2",116.007969,-31.711522,2012-06-26,2012-06-27 13:02:00,0,0,0,0,0,0,2,4,0,0,0
"Badgingarra","Trap 2",115.591987,-30.277745,2012-06-26,2012-06-27 13:02:49,0,0,0,0,0,0,4,33,0,0,0
"Badgingarra","Trap 1",115.591779,-30.277467,2012-06-26,2012-06-27 13:02:27,0,0,0,0,0,0,5,35,0,0,0
"Bullsbrook","Trap 1",116.008171,-31.711725,2012-06-26,2012-06-27 13:01:38,0,0,0,0,0,0,0,1,0,0,0
"Quairading","Trap 1",117.666051,-32.188179,2012-07-03,2012-07-04 11:13:59,0,0,1,0,0,0,1,12,0,0,0
"Quairading","Trap 2",117.665843,-32.188177,2012-07-03,2012-07-04 11:14:27,0,0,1,0,0,0,1,9,0,0,0
"Clackline","Trap 2",116.574014,-31.729294,2012-07-03,2012-07-04 12:57:43,0,0,0,0,0,0,0,27,0,0,0
"Clackline","Trap 1",116.574213,-31.729248,2012-07-03,2012-07-04 12:57:10,0,0,0,0,0,0,0,35,0,0,0
"Narrikup","Trap 1",117.728324,-34.725057,2012-07-09,2012-07-10 16:12:29,0,0,0,0,3,0,0,2,0,0,0
"Narrikup","Trap 2",117.728324,-34.725057,2012-07-09,2012-07-10 16:13:04,0,0,0,0,2,0,0,0,0,0,0
"Jingalup","Trap 2",116.97241,-34.003891,2012-07-10,2012-07-11 11:43:26,0,0,0,0,0,0,0,3,0,0,0
"Kojonup","Trap 2",117.182336,-33.908102,2012-07-10,2012-07-11 12:15:59,0,0,0,0,0,0,0,34,0,0,0
"Duranillin","Trap 2",116.827388,-33.479177,2012-07-10,2012-07-11 14:18:24,0,0,0,0,0,0,0,13,0,0,0
"Narrikine","Trap 1",116.751078,-32.968845,2012-07-10,2012-07-11 15:37:01,0,0,0,0,0,0,0,4,0,0,0
"Jingalup","Trap 1",116.972397,-34.004007,2012-07-10,2012-07-11 11:42:40,0,0,0,0,0,0,0,3,0,0,0
"Kojonup","Trap 1",117.182348,-33.908095,2012-07-10,2012-07-11 12:15:27,0,0,0,0,0,0,0,38,0,0,0
"Duranillin","Trap 1",116.827276,-33.479275,2012-07-10,2012-07-11 14:17:58,0,0,0,0,0,0,0,6,0,0,0
"Bullsbrook","Trap 1",116.008171,-31.711725,2012-07-24,2012-07-25 09:37:34,0,0,0,0,0,0,18,0,0,0,0
"Badgingarra","Trap 2",115.591987,-30.277745,2012-07-24,2012-07-25 12:06:57,0,0,0,0,0,0,0,3,0,0,0
"Badgingarra","Trap 1",115.591779,-30.277467,2012-07-24,2012-07-25 12:06:30,0,0,0,0,0,0,1,6,0,0,0
"Bullsbrook","Trap 2",116.007969,-31.711522,2012-07-24,2012-07-25 09:38:27,0,0,0,0,0,0,17,0,0,0,0
"Quairading","Trap 1",117.666051,-32.188179,2012-08-01,2012-08-02 13:02:24,0,0,0,0,0,0,0,10,0,0,0
"Quairading","Trap 2",117.665843,-32.188177,2012-08-01,2012-08-02 13:02:57,0,0,0,0,0,0,0,13,0,0,0
"Clackline","Trap 2",116.574014,-31.729294,2012-08-01,2012-08-02 14:35:36,0,0,0,0,0,0,0,17,0,0,0
"Clackline","Trap 1",116.574213,-31.729248,2012-08-01,2012-08-02 14:35:07,0,0,0,0,0,0,0,20,0,0,0
"Jingalup","Trap 1",116.972397,-34.004007,2012-08-07,2012-08-08 10:53:46,0,0,0,0,0,0,0,1,0,0,0
"Kojonup","Trap 2",117.182336,-33.908102,2012-08-07,2012-08-08 11:46:49,0,0,0,0,0,0,0,7,0,0,0
"Duranillin","Trap 1",116.827276,-33.479275,2012-08-07,2012-08-08 12:54:15,0,0,0,0,0,0,0,7,0,0,0
"Narrikine","Trap 2",116.751078,-32.968848,2012-08-07,2012-08-08 14:20:22,0,0,0,0,0,0,0,1,0,0,0
"Kojonup","Trap 1",117.182348,-33.908095,2012-08-07,2012-08-08 11:46:21,0,0,0,0,0,0,0,11,0,0,0
"Duranillin","Trap 2",116.827388,-33.479177,2012-08-07,2012-08-08 12:53:45,0,0,0,0,0,0,0,5,0,0,0
"Narrikine","Trap 1",116.751078,-32.968845,2012-08-07,2012-08-08 14:19:56,1,0,0,0,0,0,0,1,0,0,0
"Manjimup","Trap 2",116.087985,-34.322194,2012-08-08,2012-08-09 00:00:00,0,0,0,0,3,0,0,0,0,0,0
"Badgingarra","Trap 2",115.591987,-30.277745,2012-08-23,2012-08-24 11:36:55,0,0,0,0,0,0,1,3,0,0,0
"Bullsbrook","Trap 1",116.008171,-31.711725,2012-08-23,2012-08-24 09:05:25,1,0,0,0,0,0,1,0,0,0,0
"Badgingarra","Trap 1",115.591779,-30.277467,2012-08-23,2012-08-24 11:37:28,0,0,0,0,0,0,2,6,0,0,0
"Bullsbrook","Trap 2",116.007969,-31.711522,2012-08-23,2012-08-24 09:06:03,1,0,0,0,0,0,1,1,0,0,0
"Quairading","Trap 1",117.666051,-32.188179,2012-08-29,2012-08-30 11:39:57,0,0,0,0,0,0,0,2,0,0,0
"Clackline","Trap 1",116.574213,-31.729248,2012-08-29,2012-08-30 00:00:00,28,0,3,0,0,0,0,18,0,0,0
"Clackline","Trap 2",116.574014,-31.729294,2012-08-29,2012-08-30 00:00:00,20,0,3,0,0,0,0,14,0,0,0
"Duranillin","Trap 1",116.827276,-33.479275,2012-09-06,2012-09-07 13:32:30,0,0,0,0,0,0,0,1,0,0,0
"Narrikup","Trap 1",117.728324,-34.725057,2012-09-05,2012-09-06 16:17:11,0,0,0,0,0,0,0,0,2,0,0
"Narrikup","Trap 2",117.728324,-34.725057,2012-09-05,2012-09-06 16:17:45,0,0,0,0,0,0,0,2,1,0,0
"Jingalup","Trap 2",116.97241,-34.003891,2012-09-06,2012-09-07 11:41:38,2,0,0,0,0,0,0,1,0,0,0
"Kojonup","Trap 1",117.182348,-33.908095,2012-09-06,2012-09-07 12:14:27,0,0,0,0,0,0,0,3,0,0,0
"Duranillin","Trap 2",116.827388,-33.479177,2012-09-06,2012-09-07 13:32:53,0,0,0,0,0,0,0,1,0,0,0
"Narrikine","Trap 2",116.751078,-32.968848,2012-09-06,2012-09-07 14:40:14,7,0,0,0,0,0,0,2,0,0,0
"Kojonup","Trap 2",117.182336,-33.908102,2012-09-06,2012-09-07 12:13:37,0,0,0,0,0,0,0,5,0,0,0
"Jingalup","Trap 1",116.972397,-34.004007,2012-09-06,2012-09-07 11:38:31,4,0,0,0,0,0,0,0,0,0,0
"Narrikine","Trap 1",116.751078,-32.968845,2012-09-06,2012-09-07 14:39:45,5,0,0,0,0,0,0,0,0,0,0
"Clackline","Trap 1",116.574213,-31.729248,2012-09-27,2012-09-28 13:47:34,8,0,2,0,0,0,0,2,0,0,0
"Clackline","Trap 2",116.574014,-31.729294,2012-09-27,2012-09-28 13:48:15,10,0,1,0,0,0,0,0,0,0,0
"Badgingarra","Trap 2",115.591987,-30.277745,2012-09-25,2012-09-26 12:25:38,0,0,0,0,0,0,0,0,1,0,0
"Badgingarra","Trap 1",115.591779,-30.277467,2012-09-25,2012-09-26 12:25:04,0,0,0,0,0,0,0,2,1,0,0
"Narrikup","Trap 2",117.728324,-34.725057,2012-10-02,2012-10-03 10:00:57,314,5,0,0,24,0,0,0,0,2,0
"Jingalup","Trap 2",116.97241,-34.003891,2012-10-02,2012-10-03 11:44:20,3,0,0,0,0,0,0,0,0,0,0
"Narrikup","Trap 1",117.728324,-34.725057,2012-10-02,2012-10-03 10:00:36,185,4,0,0,10,0,0,0,1,2,0
"Kojonup","Trap 2",117.182336,-33.908102,2012-10-02,2012-10-03 12:14:30,1,0,0,0,0,0,0,1,0,0,0
"Duranillin","Trap 2",116.827388,-33.479177,2012-10-02,2012-10-03 13:32:26,0,0,0,0,0,0,0,1,0,0,0
"Narrikine","Trap 2",116.751078,-32.968848,2012-10-02,2012-10-03 14:39:58,12,0,0,0,0,0,0,1,0,0,0
"Kojonup","Trap 1",117.182348,-33.908095,2012-10-02,2012-10-03 12:13:37,0,0,0,0,0,0,0,2,0,0,0
"Narrikine","Trap 1",116.751078,-32.968845,2012-10-02,2012-10-03 14:39:30,3,0,0,0,0,0,0,0,0,0,0
"Jingalup","Trap 1",116.972397,-34.004007,2012-10-02,2012-10-03 11:43:21,2,0,0,0,0,0,0,0,0,0,0
"Manjimup","Trap 1",116.087979,-34.322199,2012-09-13,2012-09-14 00:00:00,31,3,0,0,3,0,0,0,0,1,0
"Manjimup","Trap 2",116.087985,-34.322194,2012-09-13,2012-09-14 00:00:00,101,21,0,0,9,0,0,1,1,5,0
"Bullsbrook","Trap 2",116.007969,-31.711522,2012-10-08,2012-10-09 09:43:36,1,0,0,0,1,0,2,0,0,0,0
"Badgingarra","Trap 2",115.591987,-30.277745,2012-10-08,2012-10-09 11:56:22,12,0,0,0,0,0,0,1,0,0,0
"Bullsbrook","Trap 1",116.008171,-31.711725,2012-10-08,2012-10-09 09:42:27,2,0,0,0,0,0,0,0,0,0,0
"Badgingarra","Trap 1",115.591779,-30.277467,2012-10-08,2012-10-09 11:55:26,13,0,0,0,0,0,1,3,0,0,0
"Manjimup","Trap 1",116.087979,-34.322199,2012-10-01,2012-10-02 00:00:00,251,19,0,0,6,0,0,0,0,2,0
"Manjimup","Trap 2",116.087985,-34.322194,2012-10-01,2012-10-02 00:00:00,414,0,0,0,1,0,0,0,0,11,0
"Vasse","Trap 1",115.337179,-33.750399,2012-02-21,2012-02-22 00:00:00,71,0,18,0,0,0,0,0,0,0,0
"Narrikup","Trap 2",117.728324,-34.725057,2012-03-20,2012-03-21 09:33:33,0,0,0,0,1,0,0,0,0,0,0
"Duranillin","Trap 1",116.827276,-33.479275,2012-03-20,2012-03-21 13:39:31,0,0,2,0,0,0,0,0,0,0,0
"Narrikine","Trap 2",116.751078,-32.968848,2012-03-20,2012-03-21 14:48:34,1,0,1,0,0,0,0,0,0,0,0
"Kojonup","Trap 1",117.182348,-33.908095,2012-03-20,2012-03-21 12:04:22,3,0,0,0,0,0,0,0,0,0,0
"Clackline","Trap 2",116.574014,-31.729294,2012-10-16,2012-10-17 14:05:40,20,0,1,0,0,0,0,0,0,0,0
"Quairading","Trap 1",117.666051,-32.188179,2012-10-16,2012-10-17 11:59:41,0,0,0,0,0,0,1,0,0,0,0
"Clackline","Trap 1",116.574213,-31.729248,2012-10-16,2012-10-17 14:04:05,46,0,1,0,0,0,0,3,0,0,0
"Quairading","Trap 2",117.665843,-32.188177,2012-10-16,2012-10-17 12:00:20,0,0,0,0,0,0,4,0,0,0,0
"Vasse","Trap 1",115.337179,-33.750399,2012-10-15,2012-10-16 00:00:00,511,2,6,0,15,0,0,2,0,0,0
"Vasse","Trap 2",115.337179,-33.7504,2012-10-15,2012-10-16 00:00:00,192,1,1,0,4,0,0,0,0,0,0
"Narrikup","Trap 2",117.728324,-34.725057,2012-10-29,2012-10-30 16:25:58,4,0,0,0,0,0,0,0,0,0,0
"Jingalup","Trap 2",116.97241,-34.003891,2012-10-30,2012-10-31 10:38:47,1,0,0,0,0,0,0,0,0,0,0
"Kojonup","Trap 1",117.182348,-33.908095,2012-10-30,2012-10-31 11:06:41,0,2,1,0,0,0,0,0,0,0,0
"Kojonup","Trap 2",117.182336,-33.908102,2012-10-30,2012-10-31 11:07:37,0,1,0,0,0,0,0,2,0,0,0
"Duranillin","Trap 2",116.827388,-33.479177,2012-10-30,2012-10-31 12:08:24,1,0,1,0,0,0,0,0,0,0,0
"Narrikine","Trap 2",116.751078,-32.968848,2012-10-30,2012-10-31 13:36:25,36,1,4,0,0,0,0,0,0,0,0
"Duranillin","Trap 1",116.827276,-33.479275,2012-10-30,2012-10-31 12:07:34,1,0,0,0,0,0,0,0,0,0,0
"Narrikine","Trap 1",116.751078,-32.968845,2012-10-30,2012-10-31 13:35:38,59,1,12,0,0,0,0,0,0,0,0
"Narrikup","Trap 1",117.728324,-34.725057,2012-10-29,2012-10-30 16:25:27,4,0,0,0,1,0,0,0,0,0,0
"Manjimup","Trap 2",116.087985,-34.322194,2012-10-28,2012-10-29 00:00:00,11,0,0,0,0,0,0,0,0,1,0
"Manjimup","Trap 1",116.087979,-34.322199,2012-10-28,2012-10-29 00:00:00,8,0,0,0,0,0,0,0,0,1,0
"Quairading","Trap 1",117.666051,-32.188179,2012-11-07,2012-11-08 12:18:34,1,0,10,1,0,35,28,0,0,0,0
"Clackline","Trap 1",116.574213,-31.729248,2012-11-07,2012-11-08 14:35:31,80,0,5,0,0,0,0,3,0,0,0
"Quairading","Trap 2",117.665843,-32.188177,2012-11-07,2012-11-08 12:21:25,0,0,10,5,0,65,29,0,0,0,0
"Clackline","Trap 2",116.574014,-31.729294,2012-11-07,2012-11-08 14:36:29,77,0,1,0,0,0,0,1,0,0,0
"Badgingarra","Trap 2",115.591987,-30.277745,2012-11-19,2012-11-20 13:17:13,38,0,1,14,0,43,30,1,0,0,0
"Bullsbrook","Trap 2",116.007969,-31.711522,2012-11-19,2012-11-20 15:16:30,36,0,1,0,0,1,0,0,0,0,0
"Bullsbrook","Trap 1",116.008171,-31.711725,2012-11-19,2012-11-20 15:15:56,50,0,3,1,0,10,5,0,0,0,0
"Badgingarra","Trap 1",115.591779,-30.277467,2012-11-19,2012-11-20 13:16:06,22,0,0,2,0,20,6,0,0,0,0
"Jingalup","Trap 1",116.972397,-34.004007,2012-11-27,2012-11-28 10:49:28,5,0,1,1,0,0,0,0,0,0,0
"Kojonup","Trap 1",117.182348,-33.908095,2012-11-27,2012-11-28 10:51:14,13,1,1,0,0,0,0,0,0,0,0
"Kojonup","Trap 2",117.182336,-33.908102,2012-11-27,2012-11-28 11:23:27,12,0,1,2,0,0,0,0,0,0,0
"Narrikup","Trap 1",117.728324,-34.725057,2012-11-26,2012-11-27 16:13:44,14,0,0,0,0,0,0,0,0,0,0
"Narrikup","Trap 2",117.728324,-34.725057,2012-11-26,2012-11-27 16:14:33,15,3,0,0,0,0,0,0,0,0,0
"Duranillin","Trap 2",116.827388,-33.479177,2012-11-27,2012-11-28 12:33:16,25,1,2,0,0,0,0,0,0,0,0
"Narrikine","Trap 2",116.751078,-32.968848,2012-11-27,2012-11-28 14:03:57,99,0,5,10,0,0,0,0,0,0,0
"Jingalup","Trap 2",116.97241,-34.003891,2012-11-27,2012-11-28 10:50:42,5,0,0,0,0,0,0,0,0,0,0
"Narrikine","Trap 1",116.751078,-32.968845,2012-11-27,2012-11-28 14:03:13,133,0,15,13,0,2,0,0,0,0,0
"Duranillin","Trap 1",116.827276,-33.479275,2012-11-27,2012-11-28 12:32:30,41,1,3,0,0,0,0,0,0,0,0
"Quairading","Trap 1",117.666051,-32.188179,2012-12-04,2012-12-05 13:27:43,0,0,0,0,0,11,16,0,0,0,0
"Quairading","Trap 2",117.665843,-32.188177,2012-12-04,2012-12-05 13:28:16,0,0,2,1,0,15,10,0,0,0,0
"Clackline","Trap 1",116.574213,-31.729248,2012-12-04,2012-12-05 15:15:36,303,0,21,0,0,3,3,0,0,0,0
"Clackline","Trap 2",116.574014,-31.729294,2012-12-04,2012-12-05 15:16:41,102,0,13,2,0,11,2,0,0,0,0
"Manjimup","Trap 1",116.087979,-34.322199,2012-11-27,2012-11-28 00:00:00,541,60,0,0,0,0,0,0,0,0,0
"Manjimup","Trap 2",116.087985,-34.322194,2012-11-27,2012-11-28 00:00:00,376,62,0,0,2,0,0,0,0,0,0
"Vasse","Trap 1",115.337179,-33.750399,2012-11-22,2012-11-23 00:00:00,22,0,1,0,0,0,0,0,0,0,0
"Vasse","Trap 2",115.337179,-33.7504,2012-11-22,2012-11-23 00:00:00,25,0,0,0,0,0,0,0,0,0,0
"Duranillin","Trap 1",116.827276,-33.479275,2012-12-17,2012-12-18 13:07:51,277,3,47,0,0,0,0,0,0,0,0
"Bullsbrook","Trap 1",116.008171,-31.711725,2012-12-11,2012-12-12 09:27:41,123,0,8,0,0,2,0,0,0,0,0
"Bullsbrook","Trap 2",116.007969,-31.711522,2012-12-11,2012-12-12 09:28:33,137,0,10,0,0,2,2,0,0,0,0
"Badgingarra","Trap 2",115.591987,-30.277745,2012-12-11,2012-12-12 12:22:17,46,0,4,1,0,5,6,0,0,0,0
"Badgingarra","Trap 1",115.591779,-30.277467,2012-12-11,2012-12-12 12:21:28,40,0,6,0,0,4,11,0,0,0,0
"Jingalup","Trap 2",116.97241,-34.003891,2012-12-17,2012-12-18 11:20:27,115,1,0,0,0,0,0,0,0,0,0
"Narrikup","Trap 2",117.728324,-34.725057,2012-12-17,2012-12-18 09:38:17,94,18,0,0,40,0,0,0,0,0,0
"Kojonup","Trap 2",117.182336,-33.908102,2012-12-17,2012-12-18 11:55:03,117,1,4,3,0,0,0,0,0,0,0
"Duranillin","Trap 2",116.827388,-33.479177,2012-12-17,2012-12-18 13:08:29,204,4,49,0,0,0,0,0,0,0,0
"Narrikine","Trap 2",116.751078,-32.968848,2012-12-17,2012-12-18 14:47:36,2987,8,200,8,0,0,0,0,0,0,0
"Narrikup","Trap 1",117.728324,-34.725057,2012-12-17,2012-12-18 09:36:17,143,34,0,0,41,0,0,0,0,0,0
"Jingalup","Trap 1",116.972397,-34.004007,2012-12-17,2012-12-18 11:19:30,48,1,1,0,0,0,0,0,0,0,0
"Kojonup","Trap 1",117.182348,-33.908095,2012-12-17,2012-12-18 11:54:34,141,5,10,5,0,0,0,0,0,0,0
"Narrikine","Trap 1",116.751078,-32.968845,2012-12-17,2012-12-18 14:46:43,4134,6,226,12,0,0,0,0,0,0,0
"Manjimup","Trap 1",116.087979,-34.322199,2012-12-23,2012-12-24 00:00:00,373,71,0,0,41,0,0,0,0,0,0
"Manjimup","Trap 2",116.087985,-34.322194,2012-12-23,2012-12-24 00:00:00,461,65,0,0,22,0,0,0,0,0,0
"Quairading","Trap 1",117.666051,-32.188179,2013-01-03,2013-01-04 11:29:06,0,0,12,0,0,0,23,0,0,0,0
"Clackline","Trap 1",116.574213,-31.729248,2013-01-03,2013-01-04 13:53:19,11,0,40,0,0,10,7,0,0,0,0
"Bullsbrook","Trap 1",116.008171,-31.711725,2013-01-09,2013-01-10 09:25:30,3,0,5,0,0,0,23,0,0,0,0
"Badgingarra","Trap 1",115.591779,-30.277467,2013-01-09,2013-01-10 11:46:31,2,0,0,0,0,7,16,0,0,0,0
"Quairading","Trap 2",117.665843,-32.188177,2013-01-03,2013-01-04 11:29:39,0,0,11,0,0,0,5,0,0,0,0
"Clackline","Trap 2",116.574014,-31.729294,2013-01-03,2013-01-04 13:54:06,11,0,54,0,0,11,9,0,0,0,0
"Badgingarra","Trap 2",115.591987,-30.277745,2013-01-09,2013-01-10 11:47:15,1,0,0,0,0,8,5,0,0,0,0
"Bullsbrook","Trap 2",116.007969,-31.711522,2013-01-09,2013-01-10 09:26:10,4,0,1,0,0,0,18,0,0,0,0
"Duranillin","Trap 1",116.827276,-33.479275,2013-01-23,2013-01-24 13:59:26,8,0,5,0,0,0,0,0,0,0,0
"Jingalup","Trap 1",116.972397,-34.004007,2013-01-23,2013-01-24 11:34:24,27,2,2,0,0,0,0,0,0,0,0
"Duranillin","Trap 2",116.827388,-33.479177,2013-01-23,2013-01-24 14:04:13,4,0,5,0,0,0,0,0,0,0,0
"Narrikup","Trap 2",117.728324,-34.725057,2013-01-22,2013-01-23 15:58:38,1817,198,0,0,50,0,0,0,0,0,0
"Jingalup","Trap 2",116.97241,-34.003891,2013-01-23,2013-01-24 11:35:03,44,0,5,1,0,0,0,0,0,0,0
"Kojonup","Trap 2",117.182336,-33.908102,2013-01-23,2013-01-24 12:09:04,5,1,10,2,0,0,0,0,0,0,0
"Narrikine","Trap 1",116.751078,-32.968845,2013-01-23,2013-01-24 15:26:32,11,1,6,0,0,0,0,0,0,0,0
"Narrikine","Trap 2",116.751078,-32.968848,2013-01-23,2013-01-24 15:27:06,21,0,5,0,0,0,0,0,0,0,0
"Kojonup","Trap 1",117.182348,-33.908095,2013-01-23,2013-01-24 12:08:21,20,3,8,0,0,0,0,0,0,0,0
"Narrikup","Trap 1",117.728324,-34.725057,2013-01-22,2013-01-23 15:57:36,1738,290,0,0,40,0,0,0,0,0,0
"Quairading","Trap 1",117.666051,-32.188179,2013-01-30,2013-01-31 13:00:55,0,0,0,0,0,1,0,0,0,0,0
"Quairading","Trap 2",117.665843,-32.188177,2013-01-30,2013-01-31 13:01:42,0,0,0,0,0,5,0,0,0,0,0
"Vasse","Trap 2",115.337179,-33.7504,2012-12-18,2012-12-19 00:00:00,187,0,1,0,0,0,0,0,0,0,0
"Vasse","Trap 1",115.337179,-33.750399,2013-01-21,2013-01-22 00:00:00,6261,152,318,0,15,0,0,0,0,0,0
"Manjimup","Trap 1",116.087979,-34.322199,2013-01-21,2013-01-22 00:00:00,4540,647,0,0,63,0,0,0,0,0,0
"Clackline","Trap 1",116.574213,-31.729248,2013-01-30,2013-01-31 15:08:51,2,0,2,1,0,1,1,0,0,0,0
"Clackline","Trap 2",116.574014,-31.729294,2013-01-30,2013-01-31 15:09:24,6,0,6,0,0,7,1,0,0,0,0
"Bullsbrook","Trap 1",116.008171,-31.711725,2013-02-07,2013-02-08 09:38:06,0,0,2,0,0,1,16,0,0,0,0
"Bullsbrook","Trap 2",116.007969,-31.711522,2013-02-07,2013-02-08 09:41:47,0,0,1,0,0,3,18,0,0,0,0
"Badgingarra","Trap 1",115.591779,-30.277467,2013-02-07,2013-02-08 11:46:55,6,0,5,0,0,5,312,0,0,0,0
"Badgingarra","Trap 2",115.591987,-30.277745,2013-02-07,2013-02-08 11:47:51,2,0,2,0,0,0,239,0,0,0,0
"Manjimup","Trap 2",116.087985,-34.322194,2013-01-21,2013-01-22 00:00:00,5429,715,0,0,60,0,0,0,0,0,0
"Vasse","Trap 2",115.337179,-33.7504,2013-01-21,2013-01-22 00:00:00,6079,74,271,0,1,0,0,0,0,0,0
"Jingalup","Trap 2",116.97241,-34.003891,2013-02-19,2013-02-20 11:36:08,4,0,4,0,0,0,0,0,0,0,0
"Williams","Trap 1",116.938316,-33.06014,2013-02-19,2013-02-20 14:14:32,7,0,13,0,0,0,0,0,0,0,0
"Narrikine","Trap 2",116.751078,-32.968848,2013-02-19,2013-02-20 15:20:18,40,0,19,0,0,0,0,0,0,0,0
"Narrikup","Trap 1",117.728324,-34.725057,2013-02-19,2013-02-20 09:52:06,832,17,3,0,85,0,0,0,0,0,0
"Kojonup","Trap 2",117.182336,-33.908102,2013-02-19,2013-02-20 12:07:48,1,3,1,0,0,0,0,0,0,0,0
"Duranillin","Trap 2",116.827388,-33.479177,2013-02-19,2013-02-20 13:12:55,2,0,3,0,0,0,0,0,0,0,0
"Kojonup","Trap 1",117.182348,-33.908095,2013-02-19,2013-02-20 12:07:24,1,0,5,0,0,0,0,0,0,0,0
"Jingalup","Trap 1",116.972397,-34.004007,2013-02-19,2013-02-20 11:35:40,5,0,0,0,0,0,0,0,0,0,0
"Duranillin","Trap 1",116.827276,-33.479275,2013-02-19,2013-02-20 13:12:09,2,0,2,0,0,0,0,0,0,0,0
"Narrikup","Trap 2",117.728324,-34.725057,2013-02-19,2013-02-20 09:52:54,1189,12,0,0,97,0,0,0,0,0,0
"Narrikine","Trap 1",116.751078,-32.968845,2013-02-19,2013-02-20 15:19:35,24,0,36,0,0,0,0,0,0,0,0
"Williams","Trap 2",116.938162,-33.060184,2013-02-19,2013-02-20 14:16:23,7,0,12,0,0,0,0,0,0,0,0
"Clackline","Trap 1",116.574213,-31.729248,2013-02-26,2013-02-27 14:20:52,12,0,26,1,0,18,0,0,0,0,0
"Quairading","Trap 1",117.666051,-32.188179,2013-02-26,2013-02-27 12:12:52,0,0,13,0,0,0,1,0,0,0,0
"Quairading","Trap 2",117.665843,-32.188177,2013-02-26,2013-02-27 12:13:25,0,0,0,2,0,30,0,0,0,0,0
"Clackline","Trap 2",116.574014,-31.729294,2013-02-26,2013-02-27 14:21:33,16,0,33,0,0,3,0,0,0,0,0
"Narrikup","Trap 2",117.728324,-34.725057,2013-03-18,2013-03-19 16:07:11,96,3,1,0,10,0,0,0,0,0,0
"Jingalup","Trap 2",116.97241,-34.003891,2013-03-19,2013-03-20 10:06:58,0,0,0,1,0,0,0,0,0,0,0
"Kojonup","Trap 1",117.182348,-33.908095,2013-03-19,2013-03-20 11:19:27,0,0,1,0,0,0,0,0,0,0,0
"Kojonup","Trap 2",117.182336,-33.908102,2013-03-19,2013-03-20 11:20:08,0,0,1,0,0,0,0,0,0,0,0
"Duranillin","Trap 2",116.827388,-33.479177,2013-03-19,2013-03-20 13:48:23,5,0,4,0,0,0,0,0,0,0,0
"Duranillin","Trap 1",116.827276,-33.479275,2013-03-19,2013-03-20 13:49:10,10,0,3,0,0,0,0,0,0,0,0
"Williams","Trap 1",116.938316,-33.06014,2013-03-19,2013-03-20 14:50:45,23,1,1,3,0,0,0,0,0,0,0
"Williams","Trap 2",116.938162,-33.060184,2013-03-19,2013-03-20 14:51:23,19,0,6,1,0,0,0,0,0,0,0
"Narrikine","Trap 2",116.751078,-32.968848,2013-03-19,2013-03-20 15:21:37,311,4,24,0,0,0,0,0,0,0,0
"Narrikine","Trap 1",116.751078,-32.968845,2013-03-19,2013-03-20 15:22:17,175,2,14,0,0,0,0,0,0,0,0
"Narrikup","Trap 1",117.728324,-34.725057,2013-03-18,2013-03-19 16:06:25,13,0,0,0,2,0,0,0,0,1,0
"Jingalup","Trap 1",116.972397,-34.004007,2013-03-19,2013-03-20 10:06:21,2,0,1,3,0,0,0,0,0,0,0
"Quairading","Trap 2",117.665843,-32.188177,2013-03-25,2013-03-26 11:48:55,0,0,0,0,0,0,2,0,0,0,0
"Quairading","Trap 1",117.666051,-32.188179,2013-03-25,2013-03-26 11:48:17,0,0,0,0,0,4,2,0,0,0,0
"Vasse","Trap 1",115.337179,-33.750399,2012-12-18,2012-12-19 00:00:00,187,1,1,1,2,0,0,0,0,0,0
"Vasse","Trap 2",115.337179,-33.7504,2013-03-19,2013-03-20 00:00:00,214,5,27,1,1,0,0,0,0,0,0
"Vasse","Trap 1",115.337179,-33.750399,2013-03-19,2013-03-20 00:00:00,100,3,4,1,0,0,0,0,0,0,0
"Manjimup","Trap 1",116.087979,-34.322199,2013-03-18,2013-03-19 00:00:00,186,1,0,0,4,0,0,0,0,0,0
"Manjimup","Trap 1",116.087979,-34.322199,2013-02-20,2013-02-21 00:00:00,677,103,0,0,3,0,0,0,0,0,0
"Manjimup","Trap 2",116.087985,-34.322194,2013-02-20,2013-02-21 00:00:00,624,80,0,0,1,0,0,0,0,0,0
"Manjimup","Trap 2",116.087985,-34.322194,2013-03-18,2013-03-19 00:00:00,263,4,0,0,5,0,0,0,0,0,0
"Bullsbrook","Trap 2",116.007969,-31.711522,2013-04-03,2013-04-04 09:46:23,2,0,2,0,0,1,1,0,0,0,0
"Badgingarra","Trap 1",115.591779,-30.277467,2013-04-03,2013-04-04 11:46:51,9,0,3,1,0,4,22,0,0,0,0
"Badgingarra","Trap 2",115.591987,-30.277745,2013-04-03,2013-04-04 11:47:53,4,0,2,73,0,25,16,0,0,0,0
"Bullsbrook","Trap 1",116.008171,-31.711725,2013-04-03,2013-04-04 09:45:42,7,0,4,0,0,1,3,0,0,0,0
"Bullsbrook","Trap 1",116.008171,-31.711725,2013-03-05,2013-03-06 00:00:00,5,0,13,0,0,3,2,0,0,0,0
"Bullsbrook","Trap 2",116.007969,-31.711522,2013-03-05,2013-03-06 00:00:00,1,0,5,0,0,0,1,0,0,0,0
"Badgingarra","Trap 1",115.591779,-30.277467,2013-03-05,2013-03-06 00:00:00,0,0,9,0,0,1,8,0,0,0,0
"Badgingarra","Trap 2",115.591987,-30.277745,2013-03-05,2013-03-06 00:00:00,4,0,32,0,0,4,9,0,0,0,0
"Kojonup","Trap 1",117.182348,-33.908095,2013-04-16,2013-04-17 12:05:27,0,0,0,0,0,0,0,1,0,0,0
"Narrikup","Trap 2",117.728324,-34.725057,2013-04-16,2013-04-17 09:47:07,3,0,1,0,7,0,0,7,0,0,0
"Kojonup","Trap 2",117.182336,-33.908102,2013-04-16,2013-04-17 12:06:14,0,0,0,0,0,0,0,1,0,0,0
"Duranillin","Trap 2",116.827388,-33.479177,2013-04-16,2013-04-17 13:14:01,0,0,0,0,0,0,0,1,0,0,0
"Williams","Trap 2",116.938162,-33.060184,2013-04-16,2013-04-17 14:04:55,4,0,4,1,0,0,0,0,0,0,0
"Williams","Trap 1",116.938316,-33.06014,2013-04-16,2013-04-17 14:05:32,1,0,2,0,0,0,1,1,0,0,3
"Narrikine","Trap 1",116.751078,-32.968845,2013-04-16,2013-04-17 14:50:14,27,0,5,1,0,0,0,0,0,0,0
"Narrikine","Trap 2",116.751078,-32.968848,2013-04-16,2013-04-17 14:50:49,21,0,2,0,0,0,0,0,0,0,0
"Narrikup","Trap 1",117.728324,-34.725057,2013-04-16,2013-04-17 09:46:13,0,0,0,0,10,0,0,5,0,0,0
"Manjimup","Trap 1",116.087979,-34.322199,2013-04-15,2013-04-16 00:00:00,65,1,0,0,11,0,0,2,0,4,0
"Manjimup","Trap 2",116.087985,-34.322194,2013-04-15,2013-04-16 00:00:00,69,1,0,0,4,0,0,1,0,6,0
"Clackline","Trap 1",116.574213,-31.729248,2013-04-23,2013-04-24 00:00:00,6,0,13,0,0,0,30,3,0,0,0
"Clackline","Trap 2",116.574014,-31.729294,2013-04-23,2013-04-24 00:00:00,13,0,16,0,0,0,51,5,0,0,0
"Vasse","Trap 1",115.337179,-33.750399,2013-04-16,2013-04-17 00:00:00,609,8,146,0,4,0,0,0,0,0,0
"Vasse","Trap 2",115.337179,-33.7504,2013-04-16,2013-04-17 00:00:00,1442,12,139,2,4,0,0,2,0,0,0
"Quairading","Trap 1",117.666051,-32.188179,2013-04-23,2013-04-24 00:00:00,0,0,5,0,0,0,15,0,0,0,0
"Quairading","Trap 2",117.665843,-32.188177,2013-04-23,2013-04-24 00:00:00,0,0,8,0,0,0,0,0,0,0,0
"Badgingarra","Trap 1",115.591779,-30.277467,2013-05-01,2013-05-02 00:00:00,1,0,0,0,0,1,5,0,0,0,0
"Badgingarra","Trap 2",115.591987,-30.277745,2013-05-01,2013-05-02 00:00:00,0,0,1,0,0,2,3,0,0,0,0
"Bullsbrook","Trap 1",116.008171,-31.711725,2013-05-01,2013-05-02 00:00:00,5,0,4,0,0,2,12,0,0,0,0
"Bullsbrook","Trap 2",116.007969,-31.711522,2013-05-01,2013-05-02 00:00:00,2,0,2,0,0,0,46,0,0,0,0
"Quairading","Trap 1",117.666051,-32.188179,2013-05-21,2013-05-22 12:02:58,0,0,2,0,0,0,2,7,0,0,0
"Clackline","Trap 1",116.574213,-31.729248,2013-05-21,2013-05-22 15:01:25,0,0,0,0,0,0,2,7,0,0,0
"Quairading","Trap 2",117.665843,-32.188177,2013-05-21,2013-05-22 12:03:27,0,0,1,0,0,0,1,4,0,0,0
"Clackline","Trap 2",116.574014,-31.729294,2013-05-21,2013-05-22 15:02:01,0,0,0,0,0,0,3,13,0,0,0
"Manjimup","Trap 1",116.087979,-34.322199,2013-05-14,2013-05-15 00:00:00,0,0,0,0,0,0,0,0,0,1,0
"Manjimup","Trap 2",116.087985,-34.322194,2013-05-14,2013-05-15 00:00:00,0,0,0,0,1,0,0,1,0,1,0
"Bullsbrook","Trap 1",116.008171,-31.711725,2013-05-28,2013-05-29 09:55:35,0,0,0,0,0,0,2,0,0,0,0
"Bullsbrook","Trap 2",116.007969,-31.711522,2013-05-28,2013-05-29 09:56:27,1,0,0,0,0,0,5,1,0,0,0
"Badgingarra","Trap 1",115.591779,-30.277467,2013-05-28,2013-05-29 12:05:34,0,0,0,0,0,0,1,21,0,0,0
"Badgingarra","Trap 2",115.591987,-30.277745,2013-05-28,2013-05-29 12:06:03,0,0,0,0,0,0,1,20,0,0,0
"Vasse","Trap 1",115.337179,-33.750399,2013-05-21,2013-05-22 00:00:00,8,0,4,0,4,0,0,97,0,0,0
"Vasse","Trap 2",115.337179,-33.7504,2013-05-21,2013-05-22 00:00:00,15,0,8,0,7,0,0,107,0,0,0
"Kojonup","Trap 2",117.182336,-33.908102,2013-06-11,2013-06-12 10:47:57,0,0,0,0,0,0,0,32,0,0,0
"Kojonup","Trap 1",117.182348,-33.908095,2013-05-14,2013-05-15 11:51:29,0,0,0,0,0,0,0,6,0,0,0
"Kojonup","Trap 2",117.182336,-33.908102,2013-05-14,2013-05-15 11:52:49,0,0,0,0,0,0,0,15,0,0,0
"Duranillin","Trap 1",116.827276,-33.479275,2013-05-14,2013-05-15 13:25:31,0,0,0,0,0,0,0,4,0,0,0
"Duranillin","Trap 2",116.827388,-33.479177,2013-05-14,2013-05-15 13:26:13,0,0,0,0,0,0,0,5,0,0,0
"Williams","Trap 2",116.938162,-33.060184,2013-05-14,2013-05-15 14:18:43,0,0,2,0,0,0,0,48,0,0,3
"Williams","Trap 1",116.938316,-33.06014,2013-05-14,2013-05-15 14:19:22,0,0,3,0,0,0,0,31,0,0,2
"Narrikine","Trap 1",116.751078,-32.968845,2013-05-14,2013-05-15 14:55:48,2,0,0,1,0,0,0,16,0,0,0
"Narrikine","Trap 2",116.751078,-32.968848,2013-05-14,2013-05-15 14:56:28,2,0,0,0,0,0,0,15,0,0,0
"Duranillin","Trap 2",116.827388,-33.479177,2013-06-11,2013-06-12 11:49:13,0,0,0,0,0,0,0,34,0,0,0
"Williams","Trap 1",116.938316,-33.06014,2013-06-11,2013-06-12 12:40:21,0,0,0,0,0,0,0,28,0,0,1
"Duranillin","Trap 1",116.827276,-33.479275,2013-06-11,2013-06-12 11:48:37,0,0,0,0,0,0,0,24,0,0,0
"Jingalup","Trap 1",116.972397,-34.004007,2013-06-11,2013-06-12 10:18:18,0,0,0,0,0,0,0,6,0,0,0
"Narrikup","Trap 2",117.728324,-34.725057,2013-06-10,2013-06-11 16:11:00,0,1,0,0,1,0,0,0,0,0,0
"Williams","Trap 2",116.938162,-33.060184,2013-06-11,2013-06-12 12:39:49,0,0,0,0,0,0,0,16,0,0,0
"Narrikup","Trap 1",117.728324,-34.725057,2013-06-10,2013-06-11 16:10:26,0,0,0,0,0,0,0,1,0,0,0
"Kojonup","Trap 1",117.182348,-33.908095,2013-06-11,2013-06-12 10:47:21,0,0,0,0,0,0,0,24,0,0,0
"Narrikine","Trap 2",116.751078,-32.968848,2013-06-11,2013-06-12 13:44:47,0,0,0,0,0,0,0,5,0,0,0
"Jingalup","Trap 2",116.97241,-34.003891,2013-06-11,2013-06-12 10:18:51,0,0,0,0,0,0,0,6,0,0,0
"Manjimup","Trap 2",116.087985,-34.322194,2013-06-11,2013-06-12 00:00:00,2,0,0,0,1,0,0,0,0,0,0
"Manjimup","Trap 1",116.087979,-34.322199,2013-06-11,2013-06-12 00:00:00,0,0,0,0,0,0,0,1,0,0,0
"Narrikine","Trap 1",116.751078,-32.968845,2013-06-11,2013-06-12 00:00:00,0,0,0,0,0,0,0,17,0,0,0
"Quairading","Trap 1",117.666051,-32.188179,2013-06-19,2013-06-20 11:09:44,0,0,0,0,0,0,0,19,0,0,0
"Quairading","Trap 2",117.665843,-32.188177,2013-06-19,2013-06-20 11:10:13,0,0,0,0,0,0,0,20,0,0,0
"Clackline","Trap 1",116.574213,-31.729248,2013-06-19,2013-06-20 13:30:41,0,0,0,0,0,0,0,7,0,0,0
"Clackline","Trap 2",116.574014,-31.729294,2013-06-19,2013-06-20 13:31:36,0,0,0,0,0,0,0,12,0,0,0
"Badgingarra","Trap 1",115.591779,-30.277467,2013-06-24,2013-06-25 11:29:28,0,0,0,0,0,3,44,86,2,0,0
"Bullsbrook","Trap 2",116.007969,-31.711522,2013-06-24,2013-06-25 13:44:55,0,0,0,0,0,0,0,1,0,0,0
"Bullsbrook","Trap 1",116.008171,-31.711725,2013-06-24,2013-06-25 13:44:08,0,0,0,0,0,0,4,0,0,0,0
"Badgingarra","Trap 2",115.591987,-30.277745,2013-06-24,2013-06-25 11:28:53,0,0,0,0,0,0,21,78,2,0,0
"Vasse","Trap 1",115.337179,-33.750399,2013-06-18,2013-06-19 00:00:00,0,0,0,0,0,0,0,19,0,0,0
"Vasse","Trap 2",115.337179,-33.7504,2013-06-18,2013-06-19 00:00:00,0,0,0,0,2,0,0,6,0,0,0
"Manjimup","Trap 1",116.087979,-34.322199,2013-07-08,2013-07-09 00:00:00,0,0,0,0,0,0,0,1,0,0,0
"Manjimup","Trap 2",116.087985,-34.322194,2013-07-08,2013-07-09 00:00:00,0,0,0,0,0,0,0,0,2,0,0
"Kojonup","Trap 1",117.182348,-33.908095,2013-07-09,2013-07-10 00:00:00,0,0,0,0,0,0,0,32,0,0,0
"Kojonup","Trap 2",117.182336,-33.908102,2013-07-09,2013-07-10 00:00:00,0,0,0,0,0,0,0,27,0,0,0
"Williams","Trap 1",116.938316,-33.06014,2013-07-09,2013-07-10 00:00:00,0,0,0,0,0,0,0,4,0,0,5
"Williams","Trap 2",116.938162,-33.060184,2013-07-09,2013-07-10 00:00:00,0,0,0,0,0,0,0,2,0,0,6
"Duranillin","Trap 1",116.827276,-33.479275,2013-07-09,2013-07-10 00:00:00,0,0,0,0,0,0,0,2,0,0,0
"Duranillin","Trap 2",116.827388,-33.479177,2013-07-09,2013-07-10 00:00:00,0,0,0,0,0,0,0,4,0,0,0
"Jingalup","Trap 2",116.97241,-34.003891,2013-07-09,2013-07-10 00:00:00,0,0,0,0,0,0,0,2,0,0,0
"Narrikine","Trap 1",116.751078,-32.968845,2013-07-09,2013-07-10 00:00:00,0,0,0,0,0,0,0,1,0,0,0
"Narrikine","Trap 2",116.751078,-32.968848,2013-07-09,2013-07-10 00:00:00,0,0,0,0,0,0,0,2,0,0,0
"Quairading","Trap 2",117.665843,-32.188177,2013-07-16,2013-07-17 00:00:00,0,0,0,0,0,0,0,1,0,0,0
"Clackline","Trap 1",116.574213,-31.729248,2013-07-16,2013-07-17 00:00:00,0,0,0,0,0,0,0,3,0,0,0
"Clackline","Trap 2",116.574014,-31.729294,2013-07-16,2013-07-17 00:00:00,0,0,0,0,0,0,0,1,0,0,0
"Badgingarra","Trap 1",115.591779,-30.277467,2013-07-22,2013-07-23 00:00:00,0,0,0,0,0,0,7,4,1,0,0
"Badgingarra","Trap 2",115.591987,-30.277745,2013-07-22,2013-07-23 00:00:00,0,0,0,0,0,0,1,0,0,0,0
"Bullsbrook","Trap 1",116.008171,-31.711725,2013-07-22,2013-07-23 00:00:00,0,0,0,0,0,0,5,0,0,0,0
"Bullsbrook","Trap 2",116.007969,-31.711522,2013-07-22,2013-07-23 00:00:00,0,0,0,0,0,0,8,0,0,0,0
"Narrikup","Trap 2",117.728324,-34.725057,2013-08-05,2013-08-06 00:00:00,1,0,0,0,0,0,0,0,0,0,0
"Jingalup","Trap 2",116.97241,-34.003891,2013-08-05,2013-08-06 00:00:00,0,0,0,0,0,0,0,1,0,0,0
"Narrikine","Trap 1",116.751078,-32.968845,2013-08-05,2013-08-06 00:00:00,0,0,0,0,0,0,0,10,0,0,0
"Narrikine","Trap 2",116.751078,-32.968848,2013-08-05,2013-08-06 00:00:00,0,0,0,0,0,0,0,10,0,0,0
"Duranillin","Trap 2",116.827388,-33.479177,2013-08-05,2013-08-06 00:00:00,0,0,0,0,0,0,0,12,0,0,0
"Duranillin","Trap 1",116.827276,-33.479275,2013-08-05,2013-08-06 00:00:00,0,0,0,0,0,0,0,5,0,0,0
"Williams","Trap 1",116.938316,-33.06014,2013-08-05,2013-08-06 00:00:00,0,0,0,0,0,0,0,3,0,0,2
"Williams","Trap 2",116.938162,-33.060184,2013-08-05,2013-08-06 00:00:00,0,0,0,0,0,0,0,2,0,0,2
"Kojonup","Trap 1",117.182348,-33.908095,2013-08-05,2013-08-06 00:00:00,0,0,0,0,0,0,0,67,0,0,0
"Kojonup","Trap 2",117.182336,-33.908102,2013-08-05,2013-08-06 00:00:00,0,0,0,0,0,0,0,69,0,0,0
"Bullsbrook","Trap 1",116.008171,-31.711725,2013-08-20,2013-08-21 00:00:00,0,0,0,0,0,0,8,0,0,0,0
"Quairading","Trap 1",117.666051,-32.188179,2013-08-13,2013-08-14 00:00:00,0,0,0,0,0,0,0,4,0,0,0
"Quairading","Trap 2",117.665843,-32.188177,2013-08-13,2013-08-14 00:00:00,0,0,0,0,0,0,0,2,0,0,0
"Clackline","Trap 2",116.574014,-31.729294,2013-08-13,2013-08-14 00:00:00,2,0,0,0,0,0,0,2,0,0,0
"Clackline","Trap 1",116.574213,-31.729248,2013-08-13,2013-08-14 00:00:00,0,0,0,0,0,0,0,8,0,0,0
"Badgingarra","Trap 1",115.591779,-30.277467,2013-08-20,2013-08-21 00:00:00,1,0,0,0,0,0,0,1,0,0,0
"Badgingarra","Trap 2",115.591987,-30.277745,2013-08-20,2013-08-21 00:00:00,1,0,0,0,0,0,0,2,0,0,0
"Vasse","Trap 1",115.337179,-33.750399,2013-07-17,2013-07-18 00:00:00,0,0,0,0,0,0,0,2,0,0,0
"Vasse","Trap 2",115.337179,-33.7504,2013-08-20,2013-08-21 00:00:00,1,0,0,0,0,0,0,0,0,0,0
"Kojonup","Trap 1",117.182348,-33.908095,2013-09-03,2013-09-04 00:00:00,0,0,0,0,0,0,0,6,0,0,0
"Kojonup","Trap 2",117.182336,-33.908102,2013-09-03,2013-09-04 00:00:00,0,0,0,0,0,0,0,5,0,0,0
"Narrikine","Trap 1",116.751078,-32.968845,2013-09-03,2013-09-04 00:00:00,1,0,0,0,0,0,0,1,0,0,0
"Narrikine","Trap 2",116.751078,-32.968848,2013-09-03,2013-09-04 00:00:00,5,0,0,0,0,0,0,0,0,0,0
"Duranillin","Trap 2",116.827388,-33.479177,2013-09-03,2013-09-04 00:00:00,0,0,0,0,0,0,0,2,0,0,0
"Narrikup","Trap 1",117.728324,-34.725057,2013-09-02,2013-09-03 00:00:00,2,2,0,0,0,0,0,0,0,1,0
"Narrikup","Trap 2",117.728324,-34.725057,2013-09-02,2013-09-03 00:00:00,2,3,0,0,0,0,0,0,0,0,0
"Williams","Trap 1",116.938316,-33.06014,2013-09-03,2013-09-04 00:00:00,0,0,0,0,0,0,0,1,0,0,1
"Williams","Trap 2",116.938162,-33.060184,2013-09-03,2013-09-04 00:00:00,0,0,0,0,0,0,0,1,0,0,0
"Quairading","Trap 1",117.666051,-32.188179,2013-09-10,2013-09-11 11:48:51,0,0,2,0,0,0,0,2,0,0,0
"Quairading","Trap 2",117.665843,-32.188177,2013-09-10,2013-09-11 11:49:26,0,0,0,0,0,0,0,3,0,0,0
"Manjimup","Trap 1",116.087979,-34.322199,2013-09-02,2013-09-03 00:00:00,50,14,0,0,4,0,0,0,0,2,0
"Manjimup","Trap 2",116.087985,-34.322194,2013-09-02,2013-09-03 00:00:00,96,2,0,0,5,0,0,0,0,2,0
"Clackline","Trap 1",116.574213,-31.729248,2013-09-10,2013-09-11 00:00:00,0,0,0,0,0,0,0,1,0,0,0
"Clackline","Trap 2",116.574014,-31.729294,2013-09-10,2013-09-11 00:00:00,0,0,0,0,0,0,0,3,0,0,0
"Badgingarra","Trap 1",115.591779,-30.277467,2013-09-17,2013-09-18 00:00:00,0,0,0,0,0,0,0,0,1,0,0
"Badgingarra","Trap 2",115.591987,-30.277745,2013-09-17,2013-09-18 00:00:00,0,0,0,0,0,0,1,3,2,0,0
"Bullsbrook","Trap 2",116.007969,-31.711522,2013-09-17,2013-09-18 10:14:14,0,0,0,0,0,0,0,1,0,0,0
"Jingalup","Trap 1",116.972397,-34.004007,2013-10-02,2013-10-03 11:27:13,1,0,0,0,0,0,0,0,0,0,0
"Narrikup","Trap 1",117.728324,-34.725057,2013-10-02,2013-10-03 09:41:40,3367,318,0,0,388,0,0,4,0,0,0
"Narrikup","Trap 2",117.728324,-34.725057,2013-10-02,2013-10-03 09:42:13,3714,401,0,0,419,0,0,0,0,0,0
"Jingalup","Trap 2",116.97241,-34.003891,2013-10-02,2013-10-03 11:27:40,3,0,0,0,0,0,0,0,0,0,0
"Kojonup","Trap 2",117.182336,-33.908102,2013-10-02,2013-10-03 12:03:08,2,0,0,0,0,0,0,0,0,0,0
"Williams","Trap 2",116.938162,-33.060184,2013-10-02,2013-10-03 14:16:47,50,0,8,0,0,0,0,1,0,0,0
"Narrikine","Trap 1",116.751078,-32.968845,2013-10-02,2013-10-03 14:52:13,22,0,2,0,0,0,0,0,0,0,0
"Narrikine","Trap 2",116.751078,-32.968848,2013-10-02,2013-10-03 14:52:43,19,0,0,0,0,0,0,1,0,0,0
"Kojonup","Trap 1",117.182348,-33.908095,2013-10-02,2013-10-03 12:02:33,3,0,0,0,0,0,0,0,0,0,0
"Williams","Trap 1",116.938316,-33.06014,2013-10-02,2013-10-03 14:16:20,36,0,8,0,0,0,0,2,0,0,0
"Manjimup","Trap 2",116.087985,-34.322194,2013-09-26,2013-09-27 00:00:00,1,0,0,0,0,0,0,0,1,0,0
"Clackline","Trap 2",116.574014,-31.729294,2013-10-08,2013-10-09 00:00:00,2,0,1,0,0,0,0,1,1,0,0
"Quairading","Trap 1",117.666051,-32.188179,2013-10-08,2013-10-09 00:00:00,0,0,1,0,0,0,0,0,0,0,0
"Quairading","Trap 2",117.665843,-32.188177,2013-10-08,2013-10-09 00:00:00,0,0,1,0,0,0,0,0,0,0,0
"Badgingarra","Trap 2",115.591987,-30.277745,2013-10-16,2013-10-17 11:42:18,39,0,5,0,0,0,18,3,2,0,0
"Bullsbrook","Trap 2",116.007969,-31.711522,2013-10-16,2013-10-17 09:16:11,5,0,0,0,0,0,1,0,0,0,0
"Badgingarra","Trap 1",115.591779,-30.277467,2013-10-16,2013-10-17 11:41:44,52,0,5,0,0,0,14,2,0,0,0
"Bullsbrook","Trap 1",116.008171,-31.711725,2013-10-16,2013-10-17 09:15:43,18,0,1,0,0,0,1,0,0,0,0
"Williams","Trap 1",116.938316,-33.06014,2013-10-29,2013-10-30 13:58:58,9,0,0,0,0,0,0,0,0,0,0
"Duranillin","Trap 1",116.827276,-33.479275,2013-10-29,2013-10-30 12:46:49,2,0,0,0,0,0,0,0,0,0,0
"Narrikup","Trap 1",117.728324,-34.725057,2013-10-28,2013-10-29 16:53:44,151,0,0,0,25,0,0,1,0,1,0
"Narrikup","Trap 2",117.728324,-34.725057,2013-10-28,2013-10-29 16:54:23,140,1,0,0,27,0,0,0,0,1,0
"Jingalup","Trap 2",116.97241,-34.003891,2013-10-29,2013-10-30 11:10:00,5,0,0,0,0,0,0,0,0,0,0
"Kojonup","Trap 1",117.182348,-33.908095,2013-10-29,2013-10-30 11:39:58,5,0,0,0,0,0,0,2,0,0,0
"Kojonup","Trap 2",117.182336,-33.908102,2013-10-29,2013-10-30 11:40:32,3,0,0,0,0,0,0,3,0,0,0
"Duranillin","Trap 2",116.827388,-33.479177,2013-10-29,2013-10-30 12:47:13,3,0,0,0,0,0,0,0,0,0,0
"Williams","Trap 2",116.938162,-33.060184,2013-10-29,2013-10-30 13:59:29,13,0,3,0,0,0,0,0,0,0,0
"Narrikine","Trap 2",116.751078,-32.968848,2013-10-29,2013-10-30 14:57:41,27,0,0,0,0,0,0,0,0,0,0
"Jingalup","Trap 1",116.972397,-34.004007,2013-10-29,2013-10-30 11:09:28,12,0,0,0,0,0,0,0,0,0,0
"Narrikine","Trap 1",116.751078,-32.968845,2013-10-29,2013-10-30 14:57:11,20,0,0,0,0,0,0,0,0,0,0
"Manjimup","Trap 1",116.087979,-34.322199,2013-10-29,2013-10-30 00:00:00,48,1,0,0,13,0,0,0,0,0,0
"Manjimup","Trap 2",116.087985,-34.322194,2013-10-29,2013-10-30 00:00:00,33,1,0,0,9,0,0,0,0,0,0
"Quairading","Trap 1",117.666051,-32.188179,2013-11-05,2013-11-06 11:39:47,0,0,1,0,0,0,0,0,0,0,0
"Quairading","Trap 2",117.665843,-32.188177,2013-11-05,2013-11-06 11:40:31,0,0,2,0,0,0,5,0,0,0,0
"Clackline","Trap 1",116.574213,-31.729248,2013-11-05,2013-11-06 14:00:37,152,0,10,0,0,0,6,0,0,0,0
"Clackline","Trap 2",116.574014,-31.729294,2013-11-05,2013-11-06 14:01:16,134,0,8,0,0,0,2,0,0,0,0
"Bullsbrook","Trap 1",116.008171,-31.711725,2013-11-12,2013-11-13 09:12:12,23,0,5,0,0,0,0,0,0,0,0
"Bullsbrook","Trap 2",116.007969,-31.711522,2013-11-12,2013-11-13 09:12:52,45,0,1,0,0,1,3,0,0,0,0
"Badgingarra","Trap 2",115.591987,-30.277745,2013-11-12,2013-11-13 11:16:29,45,0,0,2,0,41,44,0,0,0,0
"Badgingarra","Trap 1",115.591779,-30.277467,2013-11-12,2013-11-13 11:15:33,18,0,4,0,0,9,8,0,0,0,0
"Narrikup","Trap 2",117.728324,-34.725057,2013-11-25,2013-11-26 16:57:45,70,0,0,0,16,0,0,0,0,0,0
"Jingalup","Trap 2",116.97241,-34.003891,2013-11-26,2013-11-27 10:56:00,18,0,0,0,0,0,0,0,0,0,0
"Kojonup","Trap 1",117.182348,-33.908095,2013-11-26,2013-11-27 11:29:55,2,0,3,0,0,0,0,0,0,0,0
"Kojonup","Trap 2",117.182336,-33.908102,2013-11-26,2013-11-27 11:30:24,4,0,0,0,0,0,0,0,0,0,0
"Duranillin","Trap 1",116.827276,-33.479275,2013-11-26,2013-11-27 12:45:04,8,0,0,0,0,0,0,0,0,0,0
"Duranillin","Trap 2",116.827388,-33.479177,2013-11-26,2013-11-27 12:45:35,10,0,0,0,0,0,0,0,0,0,0
"Williams","Trap 1",116.938316,-33.06014,2013-11-26,2013-11-27 13:39:01,61,0,3,0,0,0,0,0,0,0,0
"Williams","Trap 2",116.938162,-33.060184,2013-11-26,2013-11-27 13:39:32,74,1,8,0,0,0,0,0,0,0,0
"Narrikine","Trap 1",116.751078,-32.968845,2013-11-26,2013-11-27 00:00:00,570,1,14,2,0,0,0,0,0,0,0
"Narrikine","Trap 2",116.751078,-32.968848,2013-11-26,2013-11-27 14:21:21,738,0,25,8,0,0,0,0,0,0,0
"Jingalup","Trap 1",116.972397,-34.004007,2013-11-26,2013-11-27 10:55:28,16,0,0,0,0,0,0,0,0,0,0
"Narrikup","Trap 1",117.728324,-34.725057,2013-11-25,2013-11-26 16:57:03,107,4,0,0,22,0,0,0,0,0,0
"Manjimup","Trap 1",116.087979,-34.322199,2013-11-25,2013-11-26 00:00:00,298,66,0,0,14,0,0,0,0,0,0
"Manjimup","Trap 2",116.087985,-34.322194,2013-11-25,2013-11-26 00:00:00,463,39,0,0,12,0,0,0,0,0,0
"Vasse","Trap 1",115.337179,-33.750399,2013-11-25,2013-11-26 00:00:00,476,3,8,0,0,0,0,0,0,0,0
"Vasse","Trap 2",115.337179,-33.7504,2013-11-25,2013-11-26 00:00:00,611,3,6,0,0,0,0,0,0,0,0
"Quairading","Trap 1",117.666051,-32.188179,2013-12-03,2013-12-04 11:34:17,0,0,0,0,0,2,2,0,0,0,0
"Quairading","Trap 2",117.665843,-32.188177,2013-12-03,2013-12-04 11:34:50,0,0,2,0,0,0,2,0,0,0,0
"Clackline","Trap 1",116.574213,-31.729248,2013-12-03,2013-12-04 13:46:48,8,0,0,0,0,3,1,0,0,0,0
"Clackline","Trap 2",116.574014,-31.729294,2013-12-03,2013-12-04 13:47:28,13,0,0,0,0,1,0,0,0,0,0
"Bullsbrook","Trap 1",116.008171,-31.711725,2013-12-10,2013-12-11 09:45:48,281,0,47,0,0,0,11,0,0,0,0
"Badgingarra","Trap 1",115.591779,-30.277467,2013-12-10,2013-12-11 12:18:26,12,0,0,0,0,4,11,0,0,0,0
"Badgingarra","Trap 2",115.591987,-30.277745,2013-12-10,2013-12-11 12:19:04,25,0,0,2,0,4,7,0,0,0,0
"Bullsbrook","Trap 2",116.007969,-31.711522,2013-12-10,2013-12-11 09:46:14,266,2,50,0,0,0,11,0,0,0,0
"Narrikup","Trap 1",117.728324,-34.725057,2013-12-17,2013-12-18 09:27:51,11,1,0,0,0,0,0,0,0,0,0
"Narrikup","Trap 2",117.728324,-34.725057,2013-12-17,2013-12-18 09:28:24,18,0,0,0,0,0,0,0,0,0,0
"Jingalup","Trap 1",116.972397,-34.004007,2013-12-17,2013-12-18 11:12:19,481,0,1,0,0,0,0,0,0,0,0
"Jingalup","Trap 2",116.97241,-34.003891,2013-12-17,2013-12-18 11:12:48,669,0,12,2,0,0,0,0,0,0,0
"Kojonup","Trap 1",117.182348,-33.908095,2013-12-17,2013-12-18 11:43:33,334,3,4,0,0,0,0,0,0,0,0
"Kojonup","Trap 2",117.182336,-33.908102,2013-12-17,2013-12-18 11:44:00,108,0,4,1,0,0,0,0,0,0,0
"Williams","Trap 1",116.938316,-33.06014,2013-12-17,2013-12-18 13:42:23,83,0,4,0,0,0,1,0,0,0,0
"Narrikine","Trap 1",116.751078,-32.968845,2013-12-17,2013-12-18 14:28:05,288,0,3,3,0,0,0,0,0,0,0
"Narrikine","Trap 2",116.751078,-32.968848,2013-12-17,2013-12-18 14:28:35,479,0,2,0,0,0,0,0,0,0,0
"Vasse","Trap 1",115.337179,-33.750399,2013-12-16,2013-12-17 00:00:00,4528,102,30,0,5,0,0,0,0,0,0
"Vasse","Trap 2",115.337179,-33.7504,2013-12-16,2013-12-17 00:00:00,6618,302,38,0,12,0,0,0,0,0,0
"Bullsbrook","Trap 1",116.008171,-31.711725,2014-01-14,2014-01-15 09:29:43,7,0,3,0,0,2,15,0,0,0,0
"Quairading","Trap 1",117.666051,-32.188179,2014-01-07,2014-01-08 12:37:56,0,0,10,0,0,0,2,0,0,0,0
"Quairading","Trap 2",117.665843,-32.188177,2014-01-07,2014-01-08 12:38:51,0,0,18,0,0,0,1,0,0,0,0
"Clackline","Trap 2",116.574014,-31.729294,2014-01-07,2014-01-08 14:38:27,0,0,10,0,0,0,1,0,0,0,0
"Bullsbrook","Trap 2",116.007969,-31.711522,2014-01-14,2014-01-15 09:30:13,2,0,0,0,0,2,8,0,0,0,0
"Badgingarra","Trap 2",115.591987,-30.277745,2014-01-14,2014-01-15 11:31:42,0,0,2,0,0,0,0,0,0,0,0
"Clackline","Trap 1",116.574213,-31.729248,2014-01-07,2014-01-08 14:37:31,3,0,13,0,0,0,0,0,0,0,0
"Badgingarra","Trap 1",115.591779,-30.277467,2014-01-14,2014-01-15 00:00:00,0,0,1,0,0,1,3,0,0,0,0
"Quairading","Trap 1",117.666051,-32.188179,2014-02-04,2014-02-05 11:18:04,0,0,0,0,0,2,0,0,0,0,0
"Quairading","Trap 2",117.665843,-32.188177,2014-02-04,2014-02-05 11:18:46,0,0,0,0,0,1,1,0,0,0,0
"Clackline","Trap 1",116.574213,-31.729248,2014-02-04,2014-02-05 13:07:07,4,0,12,0,0,4,2,0,0,0,0
"Clackline","Trap 2",116.574014,-31.729294,2014-02-04,2014-02-05 13:08:46,23,0,36,1,0,3,2,0,0,0,0
"Narrikine","Trap 1",116.751078,-32.968845,2014-01-21,2014-01-22 00:00:00,4,0,4,0,0,0,0,0,0,0,0
"Narrikine","Trap 2",116.751078,-32.968848,2014-01-21,2014-01-22 00:00:00,6,0,3,0,0,0,0,0,0,0,0
"Williams","Trap 1",116.938316,-33.06014,2014-01-21,2014-01-22 00:00:00,5,0,6,0,0,0,0,0,0,0,0
"Williams","Trap 2",116.938162,-33.060184,2014-01-21,2014-01-22 00:00:00,0,0,5,0,0,0,0,0,0,0,0
"Duranillin","Trap 1",116.827276,-33.479275,2014-01-21,2014-01-22 00:00:00,5,0,3,0,0,0,0,0,0,0,0
"Duranillin","Trap 2",116.827388,-33.479177,2014-01-21,2014-01-22 00:00:00,4,0,5,0,0,0,0,0,0,0,0
"Kojonup","Trap 1",117.182348,-33.908095,2014-01-21,2014-01-22 00:00:00,6,0,0,0,0,0,0,0,0,0,0
"Kojonup","Trap 2",117.182336,-33.908102,2014-01-21,2014-01-22 00:00:00,3,0,0,0,0,0,0,0,0,0,0
"Jingalup","Trap 1",116.972397,-34.004007,2014-01-21,2014-01-22 00:00:00,10,0,2,0,0,0,0,0,0,0,0
"Jingalup","Trap 2",116.97241,-34.003891,2014-01-21,2014-01-22 00:00:00,12,1,0,0,0,0,0,0,0,0,0
"Vasse","Trap 1",115.337179,-33.750399,2014-01-15,2014-01-16 00:00:00,3668,15,91,0,1,0,0,0,0,0,0
"Vasse","Trap 2",115.337179,-33.7504,2014-01-15,2014-01-16 00:00:00,2266,32,51,0,4,0,0,0,0,0,0
"Narrikup","Trap 1",117.728324,-34.725057,2014-01-21,2014-01-22 00:00:00,463,6,0,1,17,0,0,0,0,0,0
"Narrikup","Trap 2",117.728324,-34.725057,2014-01-21,2014-01-22 00:00:00,627,6,0,0,22,0,0,0,0,0,0
"Manjimup","Trap 1",116.087979,-34.322199,2013-12-19,2013-12-20 00:00:00,101,7,0,0,1,0,0,0,0,0,0
"Manjimup","Trap 1",116.087979,-34.322199,2014-01-21,2014-01-22 00:00:00,1837,312,0,0,98,0,0,0,0,0,0
"Manjimup","Trap 2",116.087985,-34.322194,2013-12-19,2013-12-20 00:00:00,150,16,0,0,1,0,0,0,0,0,0
"Manjimup","Trap 2",116.087985,-34.322194,2014-01-21,2014-01-22 00:00:00,3215,968,0,0,46,0,0,0,0,0,0
"Bullsbrook","Trap 1",116.008171,-31.711725,2014-02-10,2014-02-11 14:08:29,1,0,0,0,0,0,8,0,0,0,0
"Badgingarra","Trap 1",115.591779,-30.277467,2014-02-10,2014-02-11 11:44:49,0,0,0,0,0,2,0,0,0,0,0
"Badgingarra","Trap 2",115.591987,-30.277745,2014-02-10,2014-02-11 11:46:24,0,0,0,0,0,2,1,0,0,0,0
"Bullsbrook","Trap 2",116.007969,-31.711522,2014-02-10,2014-02-11 14:09:25,2,0,0,0,0,2,5,0,0,0,0
"Narrikup","Trap 1",117.728324,-34.725057,2014-02-17,2014-02-18 17:21:09,245,27,0,0,10,0,0,0,0,0,0
"Narrikup","Trap 2",117.728324,-34.725057,2014-02-17,2014-02-18 17:21:44,265,24,0,0,13,0,0,0,0,0,0
"Jingalup","Trap 2",116.97241,-34.003891,2014-02-18,2014-02-19 10:26:18,0,0,1,0,0,0,0,0,0,0,0
"Kojonup","Trap 2",117.182336,-33.908102,2014-02-18,2014-02-19 11:04:05,0,0,1,0,0,0,0,0,0,0,0
"Duranillin","Trap 2",116.827388,-33.479177,2014-02-18,2014-02-19 12:43:21,1,0,6,0,0,0,0,0,0,0,0
"Williams","Trap 2",116.938162,-33.060184,2014-02-18,2014-02-19 13:44:09,18,1,11,0,0,0,0,0,0,0,0
"Narrikine","Trap 2",116.751078,-32.968848,2014-02-18,2014-02-19 14:27:38,7,0,0,0,0,0,0,0,0,0,0
"Jingalup","Trap 1",116.972397,-34.004007,2014-02-18,2014-02-19 10:25:48,2,0,0,0,0,0,0,0,0,0,0
"Kojonup","Trap 1",117.182348,-33.908095,2014-02-18,2014-02-19 11:03:39,2,0,0,0,0,0,0,0,0,0,0
"Duranillin","Trap 1",116.827276,-33.479275,2014-02-18,2014-02-19 12:42:39,4,0,2,0,0,0,0,0,0,0,0
"Williams","Trap 1",116.938316,-33.06014,2014-02-18,2014-02-19 13:43:29,17,2,17,0,0,0,0,0,0,0,0
"Narrikine","Trap 1",116.751078,-32.968845,2014-02-18,2014-02-19 14:27:08,4,0,0,0,0,0,0,0,0,0,0
"Vasse","Trap 1",115.337179,-33.750399,2014-02-18,2014-02-19 00:00:00,96,2,20,0,3,0,0,0,0,0,0
"Vasse","Trap 2",115.337179,-33.7504,2014-02-18,2014-02-19 00:00:00,65,0,10,0,4,0,0,0,0,0,0
"Williams","Trap 1",116.938316,-33.06014,2014-05-27,2014-05-28 16:04:33,0,0,0,0,0,0,0,53,0,0,8
"Williams","Trap 2",116.938162,-33.060184,2014-05-27,2014-05-28 16:05:00,0,0,0,0,0,0,0,29,0,0,3
"Williams","Trap 1",116.938316,-33.06014,2014-06-24,2014-06-25 10:15:32,0,0,0,0,0,0,0,15,0,0,0
"Williams","Trap 2",116.938162,-33.060184,2014-06-24,2014-06-25 10:16:21,0,0,0,0,0,0,0,22,0,0,0
"Williams","Trap 2",116.938162,-33.060184,2014-07-08,2014-07-09 10:46:31,0,0,0,0,0,0,0,14,0,0,2
"Williams","Trap 1",116.938316,-33.06014,2014-07-08,2014-07-09 10:47:49,0,0,0,0,0,0,0,22,0,0,0
"Williams","Trap 2",116.938162,-33.060184,2014-06-10,2014-06-11 00:00:00,0,0,0,0,0,0,0,83,0,0,2
"Williams","Trap 2",116.938162,-33.060184,2014-07-23,2014-07-24 00:00:00,0,0,0,0,0,0,0,12,0,0,2
"Williams","Trap 1",116.938316,-33.06014,2014-07-23,2014-07-24 00:00:00,0,0,0,0,0,0,0,24,0,0,2
"Williams","Trap 1",116.938316,-33.06014,2014-08-03,2014-08-04 00:00:00,0,0,0,0,0,0,0,23,0,0,2
"Williams","Trap 2",116.938162,-33.060184,2014-08-03,2014-08-04 00:00:00,0,0,0,0,0,0,0,16,0,0,5
"Williams","Trap 2",116.938162,-33.060184,2014-08-18,2014-08-19 00:00:00,0,0,0,0,0,0,0,13,0,0,4
"Williams","Trap 1",116.938316,-33.06014,2014-08-18,2014-08-19 00:00:00,0,0,0,0,0,0,0,11,0,0,0
"Williams","Trap 1",116.938316,-33.06014,2014-09-02,2014-09-03 00:00:00,8,0,1,0,0,0,0,6,0,0,2
"Williams","Trap 2",116.938162,-33.060184,2014-09-02,2014-09-03 00:00:00,8,0,0,0,0,0,0,6,0,0,2
"Williams","Trap 1",116.938316,-33.06014,2014-09-16,2014-09-17 00:00:00,7,0,0,0,0,0,0,4,0,0,7
"Williams","Trap 2",116.938162,-33.060184,2014-09-16,2014-09-17 00:00:00,2,0,0,0,0,0,0,2,0,0,1
"Williams","Trap 1",116.938316,-33.06014,2014-09-29,2014-09-30 00:00:00,6,0,1,0,0,0,0,2,0,0,0
"Williams","Trap 2",116.938162,-33.060184,2014-09-29,2014-09-30 00:00:00,10,0,0,0,0,0,0,1,0,0,1
"Williams","Trap 1",116.938316,-33.06014,2014-10-15,2014-10-16 00:00:00,52,0,2,0,0,0,0,0,0,0,0
"Williams","Trap 2",116.938162,-33.060184,2014-10-15,2014-10-16 00:00:00,37,0,3,0,0,0,0,0,0,0,0
"Badgingarra","Trap 1",115.591779,-30.277467,2012-04-23,2012-04-24 00:00:00,0,0,0,0,0,0,0,0,0,0,0
"Badgingarra","Trap 2",115.591987,-30.277745,2012-04-23,2012-04-24 00:00:00,0,0,0,0,0,0,0,0,0,0,0
"Bullsbrook","Trap 1",116.008171,-31.711725,2012-09-25,2012-09-26 00:00:00,0,0,0,0,0,0,0,0,0,0,0
"Bullsbrook","Trap 2",116.007969,-31.711522,2012-09-25,2012-09-26 00:00:00,0,0,0,0,0,0,0,0,0,0,0
"Bullsbrook","Trap 2",116.007969,-31.711522,2013-08-20,2013-08-21 00:00:00,0,0,0,0,0,0,16,2,0,0,0
"Bullsbrook","Trap 1",116.008171,-31.711725,2013-09-17,2013-09-18 00:00:00,0,0,0,0,0,0,0,0,0,0,0
"Clackline","Trap 1",116.574213,-31.729248,2013-03-25,2013-03-26 00:00:00,0,0,0,0,0,0,0,0,0,0,0
"Clackline","Trap 2",116.574014,-31.729294,2013-03-25,2013-03-26 00:00:00,0,0,0,0,0,0,0,0,0,0,0
"Clackline","Trap 1",116.574213,-31.729248,2013-10-08,2013-10-09 00:00:00,0,0,0,0,0,0,0,0,0,0,0
"Quairading","Trap 2",117.665843,-32.188177,2012-08-29,2012-08-30 00:00:00,0,0,0,0,0,0,0,0,0,0,0
"Quairading","Trap 1",117.666051,-32.188179,2012-09-27,2012-09-28 00:00:00,0,0,0,0,0,0,0,0,0,0,0
"Quairading","Trap 2",117.665843,-32.188177,2012-09-27,2012-09-28 00:00:00,0,0,0,0,0,0,0,0,0,0,0
"Quairading","Trap 1",117.666051,-32.188179,2013-07-16,2013-07-17 00:00:00,0,0,0,0,0,0,0,0,0,0,0
"Narrikine","Trap 2",116.751078,-32.968848,2012-07-10,2012-07-11 00:00:00,0,0,0,0,0,0,0,0,0,0,0
"Williams","Trap 2",116.938162,-33.060184,2013-12-17,2013-12-18 00:00:00,93,0,1,0,0,0,1,0,0,0,0
"Williams","Trap 1",116.938316,-33.06014,2014-06-10,2014-06-11 00:00:00,0,0,0,0,0,0,0,58,0,0,2
"Duranillin","Trap 2",116.827388,-33.479177,2012-03-20,2012-03-21 00:00:00,0,0,2,0,0,0,0,0,0,0,0
"Duranillin","Trap 1",116.827276,-33.479275,2012-10-02,2012-10-03 00:00:00,0,0,0,0,0,0,0,0,0,0,0
"Duranillin","Trap 1",116.827276,-33.479275,2013-04-16,2013-04-17 00:00:00,0,0,0,0,0,0,0,0,0,0,0
"Duranillin","Trap 1",116.827276,-33.479275,2013-09-03,2013-09-04 00:00:00,0,0,0,0,0,0,0,0,0,0,0
"Duranillin","Trap 1",116.827276,-33.479275,2013-10-02,2013-10-03 00:00:00,0,0,0,0,0,0,0,0,0,0,0
"Duranillin","Trap 2",116.827388,-33.479177,2013-10-02,2013-10-03 00:00:00,0,0,0,0,0,0,0,0,0,0,0
"Vasse","Trap 1",115.337179,-33.750399,2012-06-19,2012-06-20 00:00:00,0,0,0,0,0,0,0,0,0,0,0
"Vasse","Trap 2",115.337179,-33.7504,2012-06-19,2012-06-20 00:00:00,0,0,0,0,0,0,0,0,0,0,0
"Vasse","Trap 1",115.337179,-33.750399,2012-07-27,2012-07-28 00:00:00,0,0,0,0,0,0,0,0,0,0,0
"Vasse","Trap 2",115.337179,-33.7504,2012-07-27,2012-07-28 00:00:00,0,0,0,0,0,0,0,0,0,0,0
"Vasse","Trap 1",115.337179,-33.750399,2012-08-16,2012-08-17 00:00:00,0,0,0,0,0,0,0,0,0,0,0
"Vasse","Trap 2",115.337179,-33.7504,2012-08-16,2012-08-17 00:00:00,0,0,0,0,0,0,0,0,0,0,0
"Vasse","Trap 1",115.337179,-33.750399,2012-09-18,2012-09-19 00:00:00,0,0,0,0,0,0,0,0,0,0,0
"Vasse","Trap 2",115.337179,-33.7504,2012-09-18,2012-09-19 00:00:00,0,0,0,0,0,0,0,0,0,0,0
"Vasse","Trap 2",115.337179,-33.7504,2013-07-17,2013-07-18 00:00:00,0,0,0,0,0,0,0,0,0,0,0
"Vasse","Trap 1",115.337179,-33.750399,2013-08-20,2013-08-21 00:00:00,0,0,0,0,0,0,0,0,0,0,0
"Vasse","Trap 1",115.337179,-33.750399,2013-09-17,2013-09-18 00:00:00,0,0,0,0,0,0,0,0,0,0,0
"Vasse","Trap 2",115.337179,-33.7504,2013-09-17,2013-09-18 00:00:00,0,0,0,0,0,0,0,0,0,0,0
"Vasse","Trap 1",115.337179,-33.750399,2013-10-21,2013-10-22 00:00:00,0,0,0,0,0,0,0,0,0,0,0
"Vasse","Trap 2",115.337179,-33.7504,2013-10-21,2013-10-22 00:00:00,0,0,0,0,0,0,0,0,0,0,0
"Jingalup","Trap 1",116.972397,-34.004007,2012-03-20,2012-03-21 00:00:00,0,0,0,0,0,0,0,0,0,0,0
"Jingalup","Trap 2",116.97241,-34.003891,2012-03-20,2012-03-21 00:00:00,0,0,0,0,0,0,0,0,0,0,0
"Jingalup","Trap 1",116.972397,-34.004007,2012-04-17,2012-04-18 00:00:00,0,0,0,0,0,0,0,0,0,0,0
"Jingalup","Trap 2",116.97241,-34.003891,2012-08-07,2012-08-08 00:00:00,0,0,0,0,0,0,0,0,0,0,0
"Jingalup","Trap 1",116.972397,-34.004007,2012-10-30,2012-10-31 00:00:00,0,0,0,0,0,0,0,0,0,0,0
"Jingalup","Trap 1",116.972397,-34.004007,2013-04-16,2013-04-17 00:00:00,0,0,0,0,0,0,0,0,0,0,0
"Jingalup","Trap 2",116.97241,-34.003891,2013-04-16,2013-04-17 00:00:00,0,0,0,0,0,0,0,0,0,0,0
"Jingalup","Trap 1",116.972397,-34.004007,2013-05-14,2013-05-15 00:00:00,0,0,0,0,0,0,0,0,0,0,0
"Jingalup","Trap 2",116.97241,-34.003891,2013-05-14,2013-05-15 00:00:00,0,0,0,0,0,0,0,0,0,0,0
"Jingalup","Trap 1",116.972397,-34.004007,2013-07-09,2013-07-10 00:00:00,0,0,0,0,0,0,0,0,0,0,0
"Jingalup","Trap 1",116.972397,-34.004007,2013-08-05,2013-08-06 00:00:00,0,0,0,0,0,0,0,0,0,0,0
"Jingalup","Trap 1",116.972397,-34.004007,2013-09-03,2013-09-04 00:00:00,0,0,0,0,0,0,0,0,0,0,0
"Jingalup","Trap 2",116.97241,-34.003891,2013-09-03,2013-09-04 00:00:00,0,0,0,0,0,0,0,0,0,0,0
"Manjimup","Trap 1",116.087979,-34.322199,2012-07-09,2012-07-10 00:00:00,0,0,0,0,0,0,0,0,0,0,0
"Manjimup","Trap 2",116.087985,-34.322194,2012-07-09,2012-07-10 00:00:00,0,0,0,0,0,0,0,0,0,0,0
"Manjimup","Trap 1",116.087979,-34.322199,2012-08-08,2012-08-09 00:00:00,0,0,0,0,0,0,0,0,0,0,0
"Manjimup","Trap 1",116.087979,-34.322199,2013-08-05,2013-08-06 00:00:00,0,0,0,0,0,0,0,0,0,0,0
"Manjimup","Trap 2",116.087985,-34.322194,2013-08-05,2013-08-06 00:00:00,0,0,0,0,0,0,0,0,0,0,0
"Manjimup","Trap 1",116.087979,-34.322199,2013-09-26,2013-09-27 00:00:00,0,0,0,0,0,0,0,0,0,0,0
"Narrikup","Trap 1",117.728324,-34.725057,2012-03-20,2012-03-21 00:00:00,0,0,0,0,0,0,0,0,0,0,0
"Narrikup","Trap 1",117.728324,-34.725057,2012-04-16,2012-04-17 00:00:00,0,0,0,0,0,0,0,0,0,0,0
"Narrikup","Trap 1",117.728324,-34.725057,2012-05-14,2012-05-15 00:00:00,0,0,0,0,0,0,0,0,0,0,0
"Narrikup","Trap 2",117.728324,-34.725057,2012-06-12,2012-06-13 00:00:00,0,0,0,0,0,0,0,0,0,0,0
"Narrikup","Trap 1",117.728324,-34.725057,2012-08-06,2012-08-07 00:00:00,0,0,0,0,0,0,0,0,0,0,0
"Narrikup","Trap 2",117.728324,-34.725057,2012-08-06,2012-08-07 00:00:00,0,0,0,0,0,0,0,0,0,0,0
"Narrikup","Trap 1",117.728324,-34.725057,2013-05-14,2013-05-15 00:00:00,0,0,0,0,0,0,0,0,0,0,0
"Narrikup","Trap 2",117.728324,-34.725057,2013-05-14,2013-05-15 00:00:00,0,0,0,0,0,0,0,0,0,0,0
"Narrikup","Trap 1",117.728324,-34.725057,2013-07-08,2013-07-09 00:00:00,0,0,0,0,0,0,0,0,0,0,0
"Narrikup","Trap 2",117.728324,-34.725057,2013-07-08,2013-07-09 00:00:00,0,0,0,0,0,0,0,0,0,0,0
"Narrikup","Trap 1",117.728324,-34.725057,2013-08-05,2013-08-06 00:00:00,0,0,0,0,0,0,0,0,0,0,0
"Williams","Trap 1",116.938316,-33.06014,2014-04-08,2014-04-09 00:00:00,28,0,11,1,0,0,0,0,0,0,0
"Williams","Trap 2",116.938162,-33.060184,2014-04-08,2014-04-09 00:00:00,16,0,5,0,0,0,0,0,0,0,0
"Williams","Trap 1",116.938316,-33.06014,2014-05-06,2014-05-07 00:00:00,0,0,0,0,0,0,0,2,0,0,2
"Williams","Trap 2",116.938162,-33.060184,2014-05-06,2014-05-07 00:00:00,0,0,0,0,0,0,0,0,0,0,3
"Williams","Trap 1",116.938316,-33.06014,2014-05-20,2014-05-21 00:00:00,0,0,0,0,0,0,0,4,0,0,4
"Williams","Trap 2",116.938162,-33.060184,2014-05-20,2014-05-21 00:00:00,0,0,0,0,0,0,0,8,0,0,2
"Duranillin","Trap 1",116.827276,-33.479275,2013-12-17,2013-12-18 00:00:00,111,0,12,0,0,0,0,0,0,0,0
"Duranillin","Trap 2",116.827388,-33.479177,2013-12-17,2013-12-18 00:00:00,78,0,13,0,0,0,0,0,0,0,0
"Vasse","Trap 1",115.337179,-33.750399,2013-02-20,2013-02-21 00:00:00,219,0,6,2,2,0,0,0,0,0,0
"Vasse","Trap 2",115.337179,-33.7504,2013-02-20,2013-02-21 00:00:00,107,0,2,1,0,0,0,0,0,0,0
"Manjimup","Trap 1",116.087979,-34.322199,2014-02-17,2014-02-18 00:00:00,613,69,0,0,0,0,0,0,0,0,0
"Manjimup","Trap 2",116.087985,-34.322194,2014-02-17,2014-02-18 00:00:00,464,68,0,1,3,0,0,0,0,0,0
